sector,analyst,coverage_date,rating,analysis
Materials,Don Durrett,2024-10-11,Strong Buy,Vizsla Silver: An Outstanding Silver Project
Communication Services,PropNotes,2024-10-11,Strong Buy,Roblox: This 'Spotify For Gaming' Looks Like A Strong Buy
Information Technology,PropNotes,2024-10-11,Buy,Synopsys: We're Buying This Chip Design SaaS Juggernaut
Utilities,PropNotes,2024-10-11,Buy,Consolidated Edison: New York City Isn't Going Anywhere
Information Technology,Mountainside Research,2024-10-11,Buy,Varonis Systems: 3 Factors That Make It A Buy
Information Technology,Donovan Jones,2024-10-09,Buy,Descartes Systems: Riding Supply Chain Complexity To Growing Profits
Consumer Discretionary,PropNotes,2024-10-09,Strong Buy,MercadoLibre: The Ultimate 'GARP' Opportunity
Information Technology,PropNotes,2024-10-09,Buy,Palantir: Sell Puts For A Great Yield And A Potentially Better Entry Into This High Flyer
Information Technology,Mountainside Research,2024-10-09,Buy,Q2 Holdings: Expanding Margins And Tangible Momentum Make It A Buy
